name,views
Hlavní strana,54799
Speciální:Hledání,24048
Jiří Král (youtuber),3094
Speciální:Sledované stránky,2156
Speciální:Poslední změny,2081
Bavorové ze Strakonic,1986
Dronte mauricijský,1803
Special:Search,1754
Berkové z Dubé,1550
Václav Hrdlička,1529
Daniel Nekonečný,1507
Edvard Beneš,1480
Chemnitz,1446
La traviata,1405
Česko,1272
Zahradnictví (filmová trilogie),1263
Markéta Vondroušová,1250
Boeing 787,1107
Magnusův jev,1098
Liga národů UEFA,1088
Druhá světová válka,1079
Mnichovská dohoda,1050
Tvoje tvář má známý hlas (5. řada),1030
Tomáš Hrdlička (fotbalista),1015
Van Helsing,929
Speciální:Přihlásit,904
Myanmar,865
Anna Kareninová,795
Jan Čáka,793
Andrej Babiš,791
Praha,784
3. září,762
Miloslav Mečíř,751
Lesja Curenková,750
"Kamikaze (album, Eminem)",746
Jan Palach,731
Vladimir Iljič Lenin,715
První světová válka,714
Fanny Kaplanová,704
Tereza Voříšková,702
Labyrint (seriál),696
Německo,686
Flettnerův rotor,683
Tomáš Garrigue Masaryk,656
Tvoje tvář má známý hlas,650
Sid Vicious,645
Česká Wikipedie,643
Kronos,639
Bítovští z Bítova,635
Jiří Strach,634
Crohnova nemoc,634
Eva Burešová,632
Volby do zastupitelstev obcí v Česku 2018,621
Seznam prezidentů Československa,618
Seznam kulturních památek v Hranicích (okres Přerov),616
Jan Révai,610
Michal Hrdlička,610
Sabina Laurinová,608
Miloš Zeman,606
RMS Lusitania,598
Robin Williams,597
Seznam dílů seriálu Kobra 11,587
Letní čas,586
Volby do Senátu Parlamentu České republiky 2018,578
Brno,573
Titanic,571
Školák Kája Mařík,565
Formát papíru,550
Alexandr Zacharčenko,550
Naomi Ósaková,544
Evropská unie,532
Motorový vůz M 290.0,529
US Open (tenis),525
Burning Man,520
Akce Jizerka,512
Eminem,505
Karolína Plíšková,505
Spojené státy americké,502
Anna Kolesárová,502
Státní občanství České republiky,499
Pavel Kysilka,496
Marvel Studios,494
Hardegg (hrad),492
Pavel Svoboda (moderátor),488
Kobra 11,487
Wiki,485
Che Guevara,474
Krejzovi,473
Lucie Vondráčková,465
Marvel Cinematic Universe,464
Zvěrokruh,459
Speciální:ElectronPdf,454
Serena Williamsová,451
Časové pásmo,451
Invaze do Polska (1939),447
Glenda Jacksonová,446
Petr Pavel,444
Alexander Dubček,442
Tomáš Plekanec,440
Jaromír Soukup,440
Petra Kvitová,437
Jan Kalous (herec),436
Wikipedie,436
První republika,435
Sex,427
Kraje v Česku,426
Burčák,425
Natálie,422
Aryna Sabalenková,418
Bipolární afektivní porucha,416
Viktor Kožený,414
Josif Vissarionovič Stalin,412
Den české státnosti,406
Matěj Ruppert,406
Zdeněk Pohlreich,406
Harry Potter,404
Rusko,404
Římské číslice,403
Vznik Československa,401
David Novotný,400
Modrý kód,400
Kapverdy,400
Speciální:Vytvořit účet,400
Kypr,399
Vyjmenovaná slova,396
Karel IV.,396
Sex Pistols,395
Stupeň krytí,394
Seznam měst v Česku podle počtu obyvatel,392
Aspergerův syndrom,391
Facebook,388
Polsko,388
Hrabě Monte-Christo,387
Oskar Schlemmer,387
Kate Beckinsale,384
Zavináč,384
Krevní skupina,382
Boeing 737,382
Chorvatsko,379
Adolf Hitler,377
Seznam historických výročí,375
Miroslav Poche,375
Slovensko,375
Wikimedia Commons,370
John McCain,370
Václav Havel,369
Jiří Langmajer,365
Švýcarsko,364
Airbus A380,361
Pohlavní styk,361
Mauricius,361
Turecko,359
Matěj Hádek,357
Invaze vojsk Varšavské smlouvy do Československa,356
ADHD,355
Československo,354
Alžběta II.,352
Pablo Escobar,350
Hashtag,349
Mont Blanc,344
Kateřina Klasnová,343
Doktor Živago,341
Týden,340
Karel Gott,340
Tomáš Vaclík,340
Rakousko-Uhersko,339
Škoda Octavia,338
Ukrajina,337
Charles de Gaulle,337
Ludvík Svoboda,333
Luže,331
Hra o trůny (seriál),329
Odolena Voda,326
Pražské Jezulátko,325
Albert Einstein,325
Teroristický útok na beslanskou školu,325
Annabelle,323
Michael Jackson,321
Jan Hus,320
Infekční mononukleóza,320
Granátové jablko,318
Petr Stuchlík,315
Karel Zich,314
Rakousko,313
Metamfetamin,313
Dáma a Král,311
Jitka Schneiderová,310
YouTube,310
David Švehlík,310
Salvador Dalí,310
Obsedantně kompulzivní porucha,309
Akademický titul,306
Funkční styl,306
Carpe diem,305
Metropolitan Slovenská strela,305
Sršeň obecná,304
Ariana Grande,303
HTTP cookie,303
Státy USA,302
Doněcká lidová republika,301
Edgar Allan Poe,299
Rakovina,299
Extáze (droga),299
Izrael,299
Farma (reality show),299
Salmonelóza,298
Spojené království,298
Commodus,298
Schengenský prostor,298
Robert Jašków,298
Tereza Hofová,297
Karel Čapek,297
Montessoriovská škola,296
Tibetský buddhismus,294
Sršeň,294
Portugalsko,294
Roger Federer,291
Kolorektální karcinom,291
Evropa,290
Speciální:Kniha,288
Sevilla,287
Gruzie,287
Kosovo,286
Pražské jaro 1968,285
Španělsko,284
Maďarsko,284
Lidský penis,283
PedrosGame,283
Seznam mezinárodních směrových čísel,283
Štěnice domácí,282
František Kriegel,282
Star Wars,282
Ibrahim Traoré,280
Černá Hora,280
Jiří z Poděbrad,279
Mallorca,279
Petr Král,278
Ostrava,276
Robert Plaga,276
Martina Sáblíková,275
Vzorník barev RAL,275
Patrik Děrgel,274
Seznam států světa podle počtu obyvatel,273
Itálie,273
Seznam dílů seriálu Kouzelná Beruška a Černý kocour,273
Coriolisova síla,272
Austrálie,272
Sovětský svaz,272
Škoda Auto,272
Kyselina sírová,271
Seznam českých rozhlasových stanic,270
Lenka Vlasáková,269
Země,268
Bulharsko,268
Kréta,268
Martin Stropnický,267
Srbsko,267
Ester Ledecká,267
Trubkový závit,266
Dominika Cibulková,266
Kanada,266
Miroslav Kalousek,265
Vlad III. Dracula,265
Klement Gottwald,264
Asertivita,264
Ph.D.,264
US Open 2018,263
Esperanto,263
Alprazolam,263
Rumunsko,262
Indie,262
Marie Terezie,262
Instagram,259
Charlie Sheen,259
Plzeň,259
Slovinsko,258
Ivan Lendl,258
Copak je to za vojáka...,258
Nizozemsko,257
Francie,257
Rozměry lidského penisu,256
Andrew – člen naší rodiny,256
Cristiano Ronaldo,256
Metro v Praze,255
Speciální:Nové stránky,255
Hranická propast,254
Bechyňové z Lažan,254
Seznam mezinárodních poznávacích značek,253
Syfilis,253
Viktorie (britská královna),253
Třicetiletá válka,253
Pásový opar,252
Seznam dílů seriálu Comeback,252
Olga Richterová,251
Části Prahy,250
Jan Hamáček,250
Česko-Slovenská filmová databáze,250
Pochva,250
Hana Benešová,250
Abeceda,248
Merlík čilský,247
Československé legie,247
Island,247
Dna,246
Únor 1948,246
Víceleté gymnázium,245
Wikipedie:Tabulka barev,245
Mikuláš Ferjenčík (1987),245
Donald Trump,244
Wikipedie:Ověřitelnost,243
Řecko,243
Egypt,243
Národnost,242
Parkinsonova nemoc,242
Vojenské hodnosti,242
Gustáv Husák,241
Boeing 777,241
Ricky Martin,241
Meningitida,241
Rodné číslo,240
Aljaška,239
Queen,239
Hradec Králové,238
Albánie,238
Kokain,238
Seznam států světa podle HDP na obyvatele,238
Olomouc,238
Bosna a Hercegovina,238
Index tělesné hmotnosti,236
Kanárské ostrovy,236
Česká hymna,235
Napoleon Bonaparte,235
Brazílie,234
Ivana Korolová,233
Xenofobie,231
Liga národů UEFA 2018/2019,231
Malta,231
Miloš Forman,231
"Ano, šéfe!",231
František Josef I.,230
Apoštol,230
Lady Gaga,230
New York,229
Hardegg,229
Katherine Heigl,229
Tvoje tvář má známý hlas (4. řada),229
Toman (film),229
Benátky,229
Jan Amos Komenský,229
Válka ve Vietnamu,228
Freddie Mercury,227
Marihuana,227
Menstruace,227
Japonsko,227
Belgie,226
Bulgur,224
Abraham Van Helsing,224
Sedmihradsko,224
Novak Djoković,224
Protektorát Čechy a Morava,224
Škoda Fabia,224
Indonésie,223
Menstruační cyklus,222
Armáda České republiky,222
Daň z přidané hodnoty,222
Maroko,222
Formát filmu,222
Rhodos,221
4. září,221
Dánsko,221
Karel Roden,220
Kategorie:Volby do zastupitelstev obcí v Česku,220
Čínská lidová republika,220
Matematické symboly a značky,219
Jan Werich,219
Státní poznávací značky v Česku,219
Spalničky,219
Irsko,218
Strakonice,217
Bechtěrevova nemoc,217
Masturbace,217
Teroristické útoky 11. září 2001,217
Jiří Ovčáček,216
Marcus & Martinus,216
Blesk,216
Seznam odrůd jablek,215
Roztroušená skleróza,215
Angela Merkelová,214
Svědkové Jehovovi,213
Wikipedie:Pod lípou,213
Dobří holubi se vracejí,213
Autismus,213
Švédsko,212
Extraverze a introverze,212
Orlí hnízdo,211
Svatý Václav,211
Lucie Šafářová,211
Ivana Zemanová,210
Čtyři dohody,210
Můj přítel Monk,210
Lil Peep,210
Sociální fobie,210
HIV,209
Milada Horáková,209
Zuzana Kanócz,209
Válka v Jugoslávii,209
Etiopie,208
Venezuela,208
AC/DC,208
Eva Perónová,208
Ježíš Kristus,207
Puls,206
Seznam obcí s rozšířenou působností,206
Svatojakubská cesta,206
Čeština,206
Rodina Andreje Babiše,206
Petrohrad,205
Ordinace v růžové zahradě,205
Wikipedie:Nejlepší články,204
Moldavsko,204
Miroslav Donutil,204
Sasko,203
Výročí svatby,203
Přemysl Otakar II.,203
Kulový blesk,203
AC Sparta Praha,203
Členský stát Evropské unie,202
Leoš Mareš,202
Lichtenštejnsko,202
Rafael Nadal,201
České Budějovice,201
Zimní čas,201
Karl Marx,201
Václav Klaus mladší,200
Diplomovaný specialista,200
Pardubice,200
Identifikační číslo osoby,200
Sametová revoluce,200
Americký stafordširský teriér,200
Lymská borelióza,199
Leonid Iljič Brežněv,199
Ermonela Jaho,199
Deprese,199
Jaromír Jágr,198
Vladimír Čech,198
Bali,198
Eva Vrabcová Nývltová,198
Periodická tabulka,197
Americká občanská válka,197
Norsko,196
Občanství,196
Streptokok,196
Specialisté,196
Václav Klaus,195
Avokádo,195
Poppers,195
William Shakespeare,194
Číslo popisné,194
Seznam států světa podle rozlohy,193
Olympijská vlajka,193
Palec (jednotka),192
Narcismus,192
Jugoslávie,192
Dalsland,192
Perla,191
Rakije,191
Liberec,191
Škola čar a kouzel v Bradavicích,191
Volný pád,191
Černé moře,191
Mistrovství Evropy ve fotbale 2020,190
Slivoň švestka,190
Povinná školní docházka,190
Antarktida,190
Pavel Novotný,190
Dunaj,189
Jindřich VIII. Tudor,188
Veronika Žilková,188
Krevní tlak,188
Statutární město,188
Jordánsko,188
Desatero,188
Seznam dílů seriálu Vyprávěj,188
Normostrana,187
Eiffelova věž,187
Německá demokratická republika,187
Benjamin Kuras,186
Rajče jedlé,186
Křižák pruhovaný,186
Finsko,185
Schizofrenie,185
Surrealismus,185
Conway Savage,185
James Bond,184
Josef Mengele,184
PewDiePie,184
Fašismus,184
Iva Janžurová,184
Synonymum,183
Kryštof Hádek,183
Daňové identifikační číslo,183
Rammstein,183
28. září,182
Spojené arabské emiráty,182
Antonín Novotný,182
Přemyslovci,182
Jihoafrická republika,182
Singapur,181
Seznam televizních seriálů Netflixu,181
SK Slavia Praha,181
ISU-152,181
Emanuele Ridi,181
Božena Němcová,181
Kazachstán,180
Přátelé,180
Kočka domácí,180
Bangladéš,180
Kouzelná Beruška a Černý kocour,180
Moskevský strážní pes,179
Švábi,179
Incoterms,179
James Marsden,179
Rohingyové,179
Petr Stach (herec),179
Boeing 747,179
Emil Hácha,179
Kategorie:Údržba:Články obsahující odkazy na nedostupné zdroje,179
Portál:Fytoenergetika a kompostárenství,179
Ejakulát,178
Seznam českých YouTube kanálů podle počtu odběratelů,177
"Seznam dílů pořadu Ano, šéfe!",177
Hláska,177
Koruna česká,177
Hallstatt,176
Medián,176
Vídeň,176
"Katedrála svatého Víta, Václava a Vojtěcha",176
Jiří Hřebec,175
Dubaj,175
Tomáš Holý,175
Rychlost zvuku,175
Dunningův–Krugerův efekt,174
Markéta Častvaj,174
Teorie velkého třesku (seriál),174
Pavel Liška,173
Angelina Jolie,173
Beskydská sedmička,173
Židé,173
Okresy v Česku,173
Vyhlazení Lidic,172
Sírovec žlutooranžový,172
Mladá Boleslav,172
Srí Lanka,172
Hugh Jackman,172
1. česká fotbalová liga,172
Vietnam,172
Scovilleova stupnice,172
Amfetamin,172
Seznam fobií,172
Magnetická rezonance,171
Héraklés,171
Ulice (seriál),170
Budapešť,170
Nový Zéland,170
Rozálie,170
Afghánistán,170
Hrubý domácí produkt,169
Astat,169
Ovulace,169
Kinofilm,169
Petra Minářová,169
Tunisko,168
Bangtan Boys,168
Veronika Gajerová,167
Winston Churchill,167
Seznam představitelů českého státu,167
Tetanie,167
Základní škola v Česku,167
Svatá říše římská,167
Dan Bilzerian,166
Mainská mývalí kočka,166
Sudety,166
Arménie,166
Skupiny řidičského oprávnění,166
Anální sex,165
Igor Plotnickij,165
Jihlava,165
Kategorie vozidel,165
Vikingové,165
Bez černý,165
Zdislav Berka z Dubé a Lipé,165
Semolina,165
Organizace spojených národů,165
Škoda Felicia,164
Válka na východní Ukrajině,164
Vratislav (město),164
Sardinie,164
Sedm divů světa,163
Datová schránka,163
Suchoj Su-27,163
Vladimír Menšík,162
Ejakulace,162
Září,162
Ragnar Lodbrok,162
Grand Slam (tenis),162
Třinec,162
Berlín,162
Tom Cruise,162
Slovenská republika (1939–1945),161
Rakytník řešetlákový,161
Stafordširský bulteriér,160
První republika (seriál),160
Michaela Badinková,160
Madeira (souostroví),160
Normalizace,160
Seznam prezidentů Spojených států amerických,160
Kouzla ve světě Harryho Pottera,160
Litva,160
Bitcoin,160
Erdoğan Atalay,160
Pat a Mat,159
Zlín,159
Pivo,159
Zaklínač,159
Operace Entebbe,159
Panická porucha,159
Česká abeceda,159
Boeing,159
1968,159
Bílkovina,158
The Pirate Bay,158
Rudolf Slánský,158
Afrika,158
Vitamín D,158
Německé spolkové země,158
Seznam čísel portů TCP a UDP,158
Lenka Krobotová,158
Radim Passer,158
Kutná Hora,157
Intel,157
Kateřina Kristelová,157
Krakov,157
Kyselina listová,157
Seznam členů rodiny,157
Předstojná žláza,157
Světová populace,157
Kudlanka nábožná,157
Diskuse s wikipedistou:Palu,156
Pavouci,156
Seznam států světa,156
Franz Kafka,156
Varšavská smlouva,156
Netflix,156
GoGoManTV,156
Imagine Dragons,156
Oliver Cromwell,156
Osmanská říše,155
Rozlišení,155
Dlouhozobka svízelová,155
Neznámý,155
Kapavka,155
Jožo Ráž,155
Vzteklina,155
Ethanol,154
Google,154
Ben Cristovao,154
Csaplárova past,154
Tenis,154
Bratislava,154
Žolíky,154
Oscar Wilde,154
Martin Finger,154
Ratměřice (zámek),154
Senát Parlamentu České republiky,154
Mexiko,153
Barbora Srncová,153
Speciální:Citovat,153
Obecné nařízení o ochraně osobních údajů,153
Monako,153
Speciální:Hledání odkazů,153
Dohoda o provedení práce,153
Vincent van Gogh,153
Nanga Parbat,153
Schutzstaffel,153
Renesance,153
Sudá a lichá čísla,153
Charta 77,152
Pes domácí,152
Jana Greyová,152
2018,152
RPSN,152
Malajsie,152
Zeměplocha,152
Airbus A320,152
Cysta (lékařství),152
Kuba,152
Prezident České republiky,152
Kategorie:Úmrtí 2018,152
České království,152
Sluneční soustava,152
Avengers: Infinity War,152
Avicii,151
Seznam měst v Česku,151
Kortikoidy,151
Charles Manson,151
Sacharidy,151
Astigmatismus (medicína),151
Prokletí básníci,151
Seznam animovaných filmů Walt Disney Animation Studios,151
Kalendářní měsíc,151
Pokoutník domácí,150
Sagrada Família,150
Die Toten Hosen,150
Syndrom karpálního tunelu,150
Zlatý míč,150
Roman Postl,150
Alžběta Bavorská,150
Islám,150
Simpsonovi,150
Poetismus,150
Seznam postav seriálu Kobra 11,150
Jan Žižka,150
Nihilismus,149
Melancholik,149
Nightwish,149
Wikipedie:Potřebuji pomoc,149
Waldorfská škola,149
Národní divadlo,149
Airbus A330,149
Klitoris,149
Josef Smrkovský,149
Psoriáza,149
Ministerstvo pro místní rozvoj České republiky,149
Morseova abeceda,149
Rudolf Hrušínský,149
Sedm hlavních hříchů,148
Seznam chemických prvků,148
Vyprávěj,148
Drážďany,148
Slinivka břišní,148
Antonín Zápotocký,148
Zápal plic,148
X-Men (filmová série),148
Ondřej Sokol,148
Poslanecká sněmovna Parlamentu České republiky,148
Píča,148
Chcete být milionářem?,148
Makedonie,148
Skotsko,148
Radovan Krejčíř,147
Assassin's Creed (herní série),147
Barrandien,147
Stockholmský syndrom,147
Vulva,147
Kriminálka Anděl,147
Marek Vašut,147
Teplice,147
Státní rozpočet České republiky,147
Londýn,146
Hrom,146
Michael Schumacher,146
Dva a půl chlapa,146
Nigérie,146
Kategorie:České pornoherečky,146
Seznam dílů seriálu Specialisté,146
Bitva na Bílé hoře,146
Tomáš Horáček,146
Metrický závit,146
Julius Caesar,146
Český Krumlov,145
Bělorusko,145
Zdeněk Svěrák,145
Seznam majitelů televizních práv na sportovní přenosy v Česku,145
Mount Everest,145
Baroko,145
Aretha Franklinová,145
Sulejman I.,145
Úzkost,145
Estonsko,145
Inflace,144
Jan Zajíc,144
Rozlišení 4K,144
Youtuber,144
Speciální:Mobilní menu,144
Svobodné zednářství,144
Airbus A350,144
Tomáš Klus,144
Erich Maria Remarque,143
Karel Kryl,143
Seznam evropských států,143
TV Barrandov,143
Odrůdy révy vinné,143
Benešovy dekrety,143
Buddhismus,143
US Open 2018 – ženská dvouhra,143
Season of Glass,143
Lionel Messi,142
Zdeněk Fierlinger,142
Comeback (seriál),142
Petr Holík,142
Stephen Hawking,142
Potvrzení o studiu,142
BDSM,142
Plácido Domingo,142
Petr Čech,142
Čína,141
Bitva u Slavkova,141
Bakalář,141
Petr Kellner,141
Komba jižní,141
Elektrické napětí,140
Írán,140
Marshallův plán,140
Fortnite Battle Royale,140
Mistrovství světa v ledním hokeji 2019,140
David Gránský,140
Socha Svobody,140
Karel Plíhal,140
"Charles, princ z Walesu",140
Porucha osobnosti,140
Kotvičník zemní,140
Dějiny Česka,140
Tuberkulóza,140
Seznam křestních jmen,140
Jan Dolanský,139
Škoda Superb,139
Disenchantment,139
Speciální:Mobilní nastavení,139
Kurt Cobain,139
Azory,139
Toxoplazmóza,139
Plná moc,139
27 Club,139
Doktor filozofie,139
Seznam.cz,138
Blockchain,138
Dadaismus,138
Nacistické Německo,138
Karlovy Vary,138
Frankenstein,138
Jiří VI.,138
Lotyšsko,138
ANO 2011,137
Moskva,137
1984 (román),137
Peroxid vodíku,137
Daniel Landa,137
Řím,137
Filipíny,137
Zuzana Navarová,137
Yaya Touré,137
Reinhard Heydrich,137
Touretteův syndrom,136
Psychiatrická nemocnice Bohnice,136
Fotbal,136
Wolfgang Amadeus Mozart,136
Madison Keysová,136
ViralBrothers,136
Jiří Kulhánek (fotbalista),136
Madonna,136
Kovy (youtuber),136
Elán (hudební skupina),136
John Lennon,136
Airbus,136
Cyril a Metoděj,136
Morče domácí,136
Procesory Intel,136
Soy Luna,136
Hongkong,136
Žvýkací tabák,135
Cholesterol,135
Kuskus,135
Jan Masaryk,135
Bilirubin,135
Glukóza,135
Nápověda:Obsah,135
Motorový vůz M 260.0,135
Žralok bílý,135
Americký dolar,135
Barcelona,135
Státní dluh Česka,135
Wikipedie:Vyloučení odpovědnosti,135
Boeing 737 MAX,135
Oxid uhličitý,135
Ulcerózní kolitida,134
TV Nova,134
Letecké nehody vojenských strojů České a Československé republiky,134
Potkan,134
Ploštice,134
Lucie Borhyová,134
Formule 1,134
Alexander McQueen,134
Avengers (film),134
Border kolie,134
Jana Maláčová,134
Tarhoňa,134
Josef II.,134
Ázerbájdžán,133
Heinrich Himmler,133
Roční období,133
Karel Schwarzenberg,133
Tvoje tvář má známý hlas (1. řada),133
Kabát (hudební skupina),133
Játra,133
Korsika,133
Milan Kundera,133
Dekadence,133
Kodaň,133
Univerzita Karlova,133
Poema,133
San Marino,133
Letiště Václava Havla Praha,133
Říjnová revoluce,132
České skloňování,132
Lukáš Hejlík,132
Ludvík XIV.,132
Kofein,132
Zákonný zástupce,132
Berenika Kohoutová,132
Orličtí vrazi,132
Vatikán,132
Česká vlajka,132
Portál:Aktuality,132
Kloš jelení,132
Absint,132
Vojtěch Dyk,132
Romové,132
Jennifer Aniston,131
XXXTentacion,131
Martin Růžek,131
Impresionismus,131
Volba prezidenta České republiky 2018,131
Pythagorova věta,131
Srdce,131
František Němec (herec),131
Dana Morávková,131
Zeměpisné souřadnice,131
Syndrom vyhoření,131
Leukemie,131
IPhone,130
Patrik Nacher,130
Blechy,130
Dyslexie,130
Sigmund Freud,130
Tomáš Řepka,130
Seznam sexuálních pozic,130
Dálnice D1,130
Soy Luna (3. řada),130
Korfu,129
Karlův most,129
Filosofie,129
Megalodon,129
Madagaskar,129
Prusko,129
Adéla,129
"Doktor Živago (film, 1965)",129
Jin a jang,129
Souborný katalog České republiky,129
Dwayne Johnson,129
Kiss,129
Judaismus,129
Dáma s kaméliemi,129
Tomio Okamura,129
Drákula (kniha),129
Podkarpatská Rus,129
Zájmeno,129
Pevnost If,128
Sněžka,128
Řecké písmo,128
Próza,128
Ostropestřec mariánský,128
Kimi Räikkönen,128
Operace Chastise,128
František (papež),128
Fík,128
Měsíc,128
Trombóza,128
Nepojmenovaný film o Avengers,128
Hořčík,127
Tosca,127
Giuseppe Verdi,127
Adidas,127
Euro,127
Bouřka,127
Olympic,127
"Německá okupace Čech, Moravy a Slezska",127
Nikola Tesla,127
Veronika Kubařová,127
Machine Gun Kelly (rapper),127
Rudolf Hess,127
Lev Davidovič Trockij,127
Dua Lipa,127
